event_date,name,chokepoint,conflict_intensity,supply_loss_pct,detour_days,resolution,notes,demand_change_pct
1973-10-17,1973 OPEC Oil Embargo,none,9,7.0,0,annual,"Arab oil embargo on US/allies after Yom Kippur War. Pre-1986: use OWID annual series, not daily EIA.",0.0
1979-01-16,1979 Iranian Revolution,Hormuz,8,4.5,0,annual,Iranian oil production collapsed during revolution. Pre-1986: use OWID annual series.,0.0
1980-09-22,1980 Iran-Iraq War,Hormuz,9,6.0,0,annual,War knocked out both countries' exports simultaneously. Pre-1986: use OWID annual series.,0.0
1986-01-02,1986 Saudi 'Yamani Flood' (Price War),none,2,-4.5,0,daily,"CAVEAT: true onset was late 1985, before our clean daily series starts (1986-01-02) -- the 'before' price here is already partway into the crash, not a clean pre-event baseline. Kept in deliberately as an honest example of a data-boundary limitation, not hidden.",0.0
1990-08-02,1990 Gulf War (Iraq invades Kuwait),Hormuz,8,6.0,0,daily,Kuwaiti + Iraqi exports removed from market; refine supply_loss_pct against actual EIA mbd figures.,0.0
1997-07-02,1997-98 Asian Financial Crisis,none,1,0.0,0,daily,"Thai baht collapse triggered an Asian demand crash, made worse by OPEC raising quotas 10% right beforehand on the wrong assumption demand would keep growing -- prices fell toward $10/barrel by end of 1998.",-4.0
2002-12-02,2002-03 Venezuela PDVSA General Strike,none,4,2.9,0,daily,"Political/labor strike (not armed conflict) shut down PDVSA for ~2 months, removing an estimated 2.3 million bpd from world supply at its worst.",0.0
2003-03-20,2003 Iraq War,Hormuz,7,2.5,0,daily,Smaller supply disruption than 1990; market was better supplied overall.,0.0
2005-08-29,2005 Hurricane Katrina,none,0,1.7,0,daily,"Pure natural-disaster refinery/production shut-in, zero geopolitical conflict -- good test of whether the model over-relies on conflict_intensity rather than actual supply loss.",0.0
2008-09-15,2008 Global Financial Crisis (Lehman Collapse),none,2,0.0,0,daily,"Demand collapsed in the recession, but the earlier run-up to $147/barrel was also partly a speculative bubble -- price move is hard to explain from supply/demand features alone. Good 'messy' example on purpose.",-1.8
2011-02-17,2011 Libyan Civil War,none,6,1.9,0,daily,Libyan output (~1.6 mbd) largely offline for months.,0.0
2012-07-01,2012 EU Oil Embargo on Iran,none,3,1.1,0,daily,Sanctions removed roughly 1 million bpd of Iranian exports from the market -- a slow-building sanctions event rather than a sudden shock.,0.0
2014-11-27,2014 OPEC Refuses to Cut Output (Price War Begins),none,3,-2.1,0,daily,OPEC chose not to cut output despite falling prices; Brent fell from $77.75 the day before the meeting to $70.15 the day after. Market share war vs US shale.,0.0
2016-11-30,2016 OPEC Vienna Agreement (First Cut Since 2008),none,1,1.25,0,daily,"Calm, negotiated 1.2 million bpd supply cut, zero conflict -- WTI rose 9.6% same day. Lowest conflict_intensity in the table; balances the war-driven events.",0.0
2018-11-04,2018 US Reimposes Iran Sanctions (JCPOA Withdrawal),none,3,1.5,0,daily,Trump withdrew from the JCPOA in May 2018; sanctions took full effect Nov 4. Iranian exports fell from ~2.5 million bpd toward ~1 million bpd over the following months.,0.0
2019-09-14,2019 Abqaiq-Khurais Drone Attack,Hormuz,7,5.7,0,daily,Very short-lived (days) despite large headline supply-loss %; good test of how fast markets price in a rapid recovery.,0.0
2020-03-06,2020 COVID Demand Collapse + Saudi-Russia Price War,none,4,0.0,0,daily,"OPEC+ talks collapsed same week lockdowns began; global oil demand fell by as much as 29 million bpd (~30% of demand) in April 2020. WTI later went negative on Apr 20, 2020 -- a separate, even more extreme event you could add on its own.",-25.0
2021-02-15,2021 Texas Winter Storm Uri,none,0,3.0,0,daily,"Second zero-conflict natural-disaster event, but a different cause than Katrina (grid failure/freeze-offs, not storm damage) -- shut in an estimated 2-4 million bpd of US crude production at the peak.",0.0
2022-02-24,2022 Russia invades Ukraine,none,7,3.0,0,daily,Sanctions phased in over following months rather than an instant cutoff -- consider using a delayed supply_loss ramp.,0.0
2022-03-31,2022 US Strategic Petroleum Reserve Release,none,0,-1.0,0,daily,"NOT a crisis itself -- a deliberate government COUNTERMEASURE responding to the Russia-Ukraine crisis (180 million barrels released over 6 months, ~1 million bpd average). Useful contrast: how much does a policy response dampen a price move versus the shock alone.",0.0
2023-10-07,2023 Israel-Hamas War Begins,none,5,0.0,0,daily,Minimal direct supply loss but elevated geopolitical risk premium -- useful as a 'intensity without supply loss' data point.,0.0
2023-11-19,2023 Houthi Red Sea Attacks Begin,Bab el-Mandeb,6,0.0,10,daily,Shipping reroutes around Cape of Good Hope rather than production loss -- tests the detour_days feature in isolation.,0.0
2025-06-13,2025 Israel-Iran '12-Day War',Hormuz,7,0.0,0,daily,"Brent jumped from $69.36 to $74.23 overnight, but analysts confirmed no actual physical disruption to oil flows during this conflict -- pure risk premium, like the 2023 Israel-Hamas row. Good contrast case.",0.0
2026-02-28,2026 US-Israel War on Iran (Hormuz Blockade),Hormuz,9,8.0,0,daily,"ROUGH ESTIMATE, still unfolding as of Sept 2026 -- refine as more data emerges. Iran imposed an actual blockade on shipping through the Strait (unlike the 2025 conflict). Brent rose 8% within days ($71.32 -> $77.24) and later broke $100. Unlike Suez/Red Sea, ships cannot detour around a closed Hormuz -- there is no sea route out of the Gulf -- so detour_days does not really apply here; treat this as a structural limitation of the current feature set, not a data entry of 0 meaning 'no cost'.",0.0
