name,country,lat,lng,capacity_bpd,hub_type,nearest_chokepoint,notes
Ras Tanura,Saudi Arabia,26.70,50.15,550000,refinery_and_export_terminal,Hormuz,"World's largest crude oil export terminal; refinery capacity ~550k bpd, terminal loading capacity far higher (~6M bpd nameplate). Estimate."
Jamnagar,India,22.37,69.85,1240000,refinery,Hormuz,"Reliance complex, world's largest single refinery site (combined SEZ+DTA units); most crude feedstock transits Hormuz. Estimate."
Ulsan,South Korea,35.50,129.38,840000,refinery,Malacca,"SK Energy; South Korea's crude imports predominantly transit the Strait of Malacca. Estimate."
Yeosu,South Korea,34.76,127.66,800000,refinery,Malacca,"GS Caltex. Estimate."
Singapore (Jurong/Pulau Bukom),Singapore,1.27,103.70,1300000,refinery_and_export_terminal,Malacca,"Combined capacity across major refineries on Jurong Island/Pulau Bukom; sits directly on the Malacca Strait shipping lane. Estimate."
Houston Ship Channel,United States,29.73,-95.26,2600000,refinery_and_export_terminal,none,"Largest US refining/export hub; not chokepoint-dependent (Gulf of Mexico access). Estimate, aggregated across multiple refineries."
Port Arthur,United States,29.90,-93.94,640000,refinery,none,"Motiva Port Arthur, largest single refinery in the US. Estimate."
Corpus Christi,United States,27.80,-97.40,800000,export_terminal,none,"Leading US crude export terminal since the shale boom. Estimate."
Rotterdam (Pernis),Netherlands,51.90,4.35,404000,refinery_and_export_terminal,none,"Shell Pernis, largest refinery in Europe; Rotterdam port overall handles far higher throughput as Europe's main entrepot. Estimate."
Fujairah,United Arab Emirates,25.12,56.34,1500000,export_terminal,none,"Purpose-built to bypass Hormuz via the ADCOP overland pipeline from Abu Dhabi to the Gulf of Oman. Pipeline capacity estimate."
Yanbu,Saudi Arabia,24.09,38.06,550000,refinery_and_export_terminal,none,"Red Sea terminus of the East-West (Petroline) pipeline; lets Saudi crude bypass Hormuz entirely. Estimate."
Kharg Island,Iran,29.23,50.32,4000000,export_terminal,Hormuz,"Iran's main crude export terminal; nameplate loading capacity far exceeds Iran's actual output/exports. Estimate."
Ceyhan,Turkey,36.85,35.56,1600000,export_terminal,none,"Mediterranean terminus of the BTC (Baku-Tbilisi-Ceyhan) and Iraq-Turkey pipelines; bypasses both Hormuz and Suez. Estimate."
Sidi Kerir,Egypt,31.13,32.55,2500000,export_terminal,Suez,"SUMED pipeline terminal, the overland bypass for the Suez Canal when the canal itself is congested or blocked. Estimate."
Primorsk,Russia,60.33,28.71,1200000,export_terminal,none,"Russia's main Baltic Sea crude export terminal. Estimate."
Novorossiysk,Russia,44.72,37.77,600000,export_terminal,none,"Black Sea export terminal; transits the Bosphorus/Turkish Straits, a chokepoint not currently tracked in this platform's 4-chokepoint set. Estimate."
Ras Laffan,Qatar,25.91,51.55,400000,export_terminal,Hormuz,"Primarily an LNG hub but also exports crude/condensate; entirely Hormuz-dependent. Estimate."
